"","search_string","unique_name","approximate_match","score","ott_id","is_synonym","flags","number_matches","gbif_id","orig_tiplabel"
"1","alfaroa costaricensis","Alfaroa costaricensis",FALSE,1,199041,FALSE,"",1,7310550,"Alfaroa costaricensis"
"2","alfaroa manningii","Alfaroa manningii",FALSE,1,199049,FALSE,"",1,4205554,"Alfaroa manningii"
"3","alfaroa williamsii","Alfaroa williamsii",FALSE,1,1064109,FALSE,"",1,7310534,"Alfaroa williamsii"
"4","allocasuarina acutivalvis","Allocasuarina acutivalvis",FALSE,1,769753,FALSE,"",1,2891875,"Allocasuarina acutivalvis"
"5","allocasuarina brachystachya","Allocasuarina brachystachya",FALSE,1,769751,FALSE,"",1,2891867,"Allocasuarina brachystachya"
"6","allocasuarina campestris","Allocasuarina campestris",FALSE,1,769759,FALSE,"",1,2891864,"Allocasuarina campestris"
"7","allocasuarina corniculata","Allocasuarina corniculata",FALSE,1,769757,FALSE,"",1,2891825,"Allocasuarina corniculata"
"8","allocasuarina crassa","Allocasuarina crassa",FALSE,1,246724,FALSE,"",1,2891839,"Allocasuarina crassa"
"9","allocasuarina decaisneana","Allocasuarina decaisneana",FALSE,1,370501,FALSE,"",1,2891829,"Allocasuarina decaisneana"
"10","allocasuarina decussata","Allocasuarina decussata",FALSE,1,738934,FALSE,"",1,2891850,"Allocasuarina decussata"
"11","allocasuarina dielsiana","Allocasuarina dielsiana",FALSE,1,246730,FALSE,"",1,2891900,"Allocasuarina dielsiana"
"12","allocasuarina distyla","Allocasuarina distyla",FALSE,1,246716,FALSE,"",1,9676223,"Allocasuarina distyla"
"13","allocasuarina duncanii","Allocasuarina duncanii",FALSE,1,246718,FALSE,"",1,2891847,"Allocasuarina duncanii"
"14","allocasuarina emuina","Allocasuarina emuina",FALSE,1,246720,FALSE,"",1,2891842,"Allocasuarina emuina"
"15","allocasuarina eriochlamys","Allocasuarina eriochlamys",FALSE,1,246722,FALSE,"",1,2891845,"Allocasuarina eriochlamys"
"16","allocasuarina fibrosa","Allocasuarina fibrosa",FALSE,1,246738,FALSE,"",1,2891894,"Allocasuarina fibrosa"
"17","allocasuarina fraseriana","Allocasuarina fraseriana",FALSE,1,246740,FALSE,"",1,2891834,"Allocasuarina fraseriana"
"18","allocasuarina glareicola","Allocasuarina glareicola",FALSE,1,821443,FALSE,"",1,2891866,"Allocasuarina glareicola"
"19","allocasuarina globosa","Allocasuarina globosa",FALSE,1,821441,FALSE,"",1,2891897,"Allocasuarina globosa"
"20","allocasuarina grampiana","Allocasuarina grampiana",FALSE,1,821447,FALSE,"",1,2891831,"Allocasuarina grampiana"
"21","allocasuarina grevilleoides","Allocasuarina grevilleoides",FALSE,1,821445,FALSE,"",1,2891906,"Allocasuarina grevilleoides"
"22","allocasuarina gymnanthera","Allocasuarina gymnanthera",FALSE,1,821451,FALSE,"",1,2891899,"Allocasuarina gymnanthera"
"23","allocasuarina helmsii","Allocasuarina helmsii",FALSE,1,821449,FALSE,"",1,2891882,"Allocasuarina helmsii"
"24","allocasuarina huegeliana","Allocasuarina huegeliana",FALSE,1,821455,FALSE,"",1,2891886,"Allocasuarina huegeliana"
"25","allocasuarina humilis","Allocasuarina humilis",FALSE,1,821453,FALSE,"",1,2891890,"Allocasuarina humilis"
"26","allocasuarina inophloia","Allocasuarina inophloia",FALSE,1,821438,FALSE,"",1,2891853,"Allocasuarina inophloia"
"27","allocasuarina lehmanniana","Allocasuarina lehmanniana",FALSE,1,738928,FALSE,"",1,2891855,"Allocasuarina lehmanniana"
"28","allocasuarina littoralis","Allocasuarina littoralis",FALSE,1,738936,FALSE,"",1,2891918,"Allocasuarina littoralis"
"29","allocasuarina luehmannii","Allocasuarina luehmannii",FALSE,1,821436,FALSE,"",1,2891843,"Allocasuarina luehmannii"
"30","allocasuarina mackliniana","Allocasuarina mackliniana",FALSE,1,296914,FALSE,"",1,2891908,"Allocasuarina mackliniana"
"31","allocasuarina media","Allocasuarina media",FALSE,1,296916,FALSE,"",1,2891878,"Allocasuarina media"
"32","allocasuarina microstachya","Allocasuarina microstachya",FALSE,1,296910,FALSE,"",1,2891857,"Allocasuarina microstachya"
"33","allocasuarina misera","Allocasuarina misera",FALSE,1,296912,FALSE,"",1,2891896,"Allocasuarina misera"
"34","allocasuarina monilifera","Allocasuarina monilifera",FALSE,1,296922,FALSE,"",1,2891888,"Allocasuarina monilifera"
"35","allocasuarina muelleriana","Allocasuarina muelleriana",FALSE,1,79355,FALSE,"",1,2891848,"Allocasuarina muelleriana"
"36","allocasuarina nana","Allocasuarina nana",FALSE,1,296924,FALSE,"",1,2891832,"Allocasuarina nana"
"37","allocasuarina ophiolitica","Allocasuarina ophiolitica",FALSE,1,296918,FALSE,"",1,2891836,"Allocasuarina ophiolitica"
"38","allocasuarina paludosa","Allocasuarina paludosa",FALSE,1,296920,FALSE,"",1,2891880,"Allocasuarina paludosa"
"39","allocasuarina paradoxa","Allocasuarina paradoxa",FALSE,1,296906,FALSE,"",1,2891822,"Allocasuarina paradoxa"
"40","allocasuarina pinaster","Allocasuarina pinaster",FALSE,1,296908,FALSE,"",1,2891837,"Allocasuarina pinaster"
"41","allocasuarina portuensis","Allocasuarina portuensis",FALSE,1,872046,FALSE,"",1,2891870,"Allocasuarina portuensis"
"42","allocasuarina pusilla","Allocasuarina pusilla",FALSE,1,872044,FALSE,"",1,2891827,"Allocasuarina pusilla"
"43","allocasuarina rigida","Allocasuarina rigida",FALSE,1,872042,FALSE,"",1,2891884,"Allocasuarina rigida"
"44","allocasuarina rupicola","Allocasuarina rupicola",FALSE,1,872040,FALSE,"",1,2891852,"Allocasuarina rupicola"
"45","allocasuarina scleroclada","Allocasuarina scleroclada",FALSE,1,872038,FALSE,"",1,2891909,"Allocasuarina scleroclada"
"46","allocasuarina simulans","Allocasuarina simulans",FALSE,1,872036,FALSE,"",1,2891911,"Allocasuarina simulans"
"47","allocasuarina spinosissima","Allocasuarina spinosissima",FALSE,1,872034,FALSE,"",1,2891892,"Allocasuarina spinosissima"
"48","allocasuarina tessellata","Allocasuarina tessellata",FALSE,1,872032,FALSE,"",1,2891914,"Allocasuarina tessellata"
"49","allocasuarina thalassoscopica","Allocasuarina thalassoscopica",FALSE,1,872030,FALSE,"",1,2891824,"Allocasuarina thalassoscopica"
"50","allocasuarina thuyoides","Allocasuarina thuyoides",FALSE,1,872028,FALSE,"",1,2891840,"Allocasuarina thuyoides"
"51","allocasuarina tortiramula","Allocasuarina tortiramula",FALSE,1,347521,FALSE,"",1,2891877,"Allocasuarina tortiramula"
"52","allocasuarina torulosa","Allocasuarina torulosa",FALSE,1,738938,FALSE,"",1,2891868,"Allocasuarina torulosa"
"53","allocasuarina trichodon","Allocasuarina trichodon",FALSE,1,347523,FALSE,"",1,2891871,"Allocasuarina trichodon"
"54","allocasuarina verticillata","Allocasuarina verticillata",FALSE,1,79349,FALSE,"",1,2891902,"Allocasuarina verticillata"
"55","allocasuarina zephyrea","Allocasuarina zephyrea",FALSE,1,347525,FALSE,"",1,2891905,"Allocasuarina zephyrea"
"56","alnus acuminata","Alnus acuminata",FALSE,1,117369,FALSE,"",1,2876131,"Alnus acuminata"
"57","alnus alnobetula","Alnus alnobetula",FALSE,1,456839,FALSE,"",1,8956987,"Alnus alnobetula"
"58","alnus cordata","Alnus cordata",FALSE,1,117349,FALSE,"",1,2876607,"Alnus cordata"
"59","alnus cremastogyne","Alnus cremastogyne",FALSE,1,939699,FALSE,"",1,2876182,"Alnus cremastogyne"
"60","alnus fauriei","Alnus fauriei",FALSE,1,177842,FALSE,"",1,2876601,"Alnus fauriei"
"61","alnus ferdinandi-coburgii","Alnus ferdinandi-coburgii",FALSE,1,939696,FALSE,"",1,2876174,"Alnus ferdinandi-coburgii"
"62","alnus firma","Alnus firma",FALSE,1,117347,FALSE,"",1,2876489,"Alnus firma"
"63","alnus formosana","Alnus formosana",FALSE,1,639094,FALSE,"",1,2876184,"Alnus formosana"
"64","alnus glutinosa","Alnus glutinosa",FALSE,1,791130,FALSE,"",1,2876213,"Alnus glutinosa"
"65","alnus henryi","Alnus henryi",FALSE,1,258130,FALSE,"",1,2876181,"Alnus henryi"
"66","alnus hirsuta","Alnus hirsuta",FALSE,1,639096,FALSE,"",1,2876105,"Alnus hirsuta"
"67","alnus japonica","Alnus japonica",FALSE,1,639105,FALSE,"",2,2876196,"Alnus japonica"
"68","alnus jorullensis","Alnus jorullensis",FALSE,1,639085,FALSE,"",2,2876167,"Alnus jorullensis"
"69","alnus maritima","Alnus maritima",FALSE,1,526375,FALSE,"",1,2876595,"Alnus maritima"
"70","alnus matsumurae","Alnus matsumurae",FALSE,1,639087,FALSE,"",1,2876592,"Alnus matsumurae"
"71","alnus nepalensis","Alnus nepalensis",FALSE,1,639089,FALSE,"",1,2876187,"Alnus nepalensis"
"72","alnus nitida","Alnus nitida",FALSE,1,353450,FALSE,"",1,2876550,"Alnus nitida"
"73","alnus oblongifolia","Alnus oblongifolia",FALSE,1,939709,FALSE,"",1,2876516,"Alnus oblongifolia"
"74","alnus orientalis","Alnus orientalis",FALSE,1,939665,FALSE,"",1,2876552,"Alnus orientalis"
"75","alnus pendula","Alnus pendula",FALSE,1,639092,FALSE,"",1,2876518,"Alnus pendula"
"76","alnus rhombifolia","Alnus rhombifolia",FALSE,1,639115,FALSE,"",1,2876207,"Alnus rhombifolia"
"77","alnus rubra","Alnus rubra",FALSE,1,639117,FALSE,"",2,2876176,"Alnus rubra"
"78","alnus serrulata","Alnus serrulata",FALSE,1,939663,FALSE,"",1,2876528,"Alnus serrulata"
"79","alnus serrulatoides","Alnus serrulatoides",FALSE,1,177840,FALSE,"",1,2876509,"Alnus serrulatoides"
"80","alnus sieboldiana","Alnus sieboldiana",FALSE,1,787742,FALSE,"",1,2876524,"Alnus sieboldiana"
"81","alnus subcordata","Alnus subcordata",FALSE,1,66017,FALSE,"",1,2876563,"Alnus subcordata"
"82","alnus trabeculosa","Alnus trabeculosa",FALSE,1,495516,FALSE,"",1,2876191,"Alnus trabeculosa"
"83","alnus x mayrii","Alnus x mayrii",FALSE,1,3929937,FALSE,"hybrid",1,2876370,"Alnus x mayrii"
"84","betula alleghaniensis","Betula alleghaniensis",FALSE,1,452595,FALSE,"",1,5331779,"Betula alleghaniensis"
"85","betula alnoides","Betula alnoides",FALSE,1,921963,FALSE,"",1,5331519,"Betula alnoides"
"86","betula apoiensis","Betula apoiensis",FALSE,1,115389,FALSE,"",1,7849092,"Betula apoiensis"
"87","betula calcicola","Betula calcicola",FALSE,1,115387,FALSE,"",1,5331858,"Betula calcicola"
"88","betula chichibuensis","Betula chichibuensis",FALSE,1,115385,FALSE,"",1,5332175,"Betula chichibuensis"
"89","betula chinensis","Betula chinensis",FALSE,1,115381,FALSE,"",1,5331880,"Betula chinensis"
"90","betula corylifolia","Betula corylifolia",FALSE,1,115379,FALSE,"",1,5331639,"Betula corylifolia"
"91","betula costata","Betula costata",FALSE,1,495506,FALSE,"",1,5331601,"Betula costata"
"92","betula davurica","Betula davurica",FALSE,1,495502,FALSE,"",1,5669384,"Betula davurica"
"93","betula delavayi","Betula delavayi",FALSE,1,115377,FALSE,"",1,5332051,"Betula delavayi"
"94","betula ermanii","Betula ermanii",FALSE,1,567488,FALSE,"",1,5332231,"Betula ermanii"
"95","betula fruticosa","Betula fruticosa",FALSE,1,567485,FALSE,"",2,5332101,"Betula fruticosa"
"96","betula glandulosa","Betula glandulosa",FALSE,1,452593,FALSE,"",1,5331640,"Betula glandulosa"
"97","betula globispica","Betula globispica",FALSE,1,115375,FALSE,"",1,5331911,"Betula globispica"
"98","betula grossa","Betula grossa",FALSE,1,115372,FALSE,"",1,5331797,"Betula grossa"
"99","betula humilis","Betula humilis",FALSE,1,567478,FALSE,"",2,5331629,"Betula humilis"
"100","betula kweichowensis","Betula insignis",FALSE,1,921956,TRUE,"",1,5331851,"Betula kweichowensis"
"101","betula lenta","Betula lenta",FALSE,1,567472,FALSE,"",2,5331709,"Betula lenta"
"102","betula luminifera","Betula luminifera",FALSE,1,115369,FALSE,"",1,5332182,"Betula luminifera"
"103","betula maximowicziana","Betula maximowicziana",FALSE,1,554287,FALSE,"",1,5332256,"Betula maximowicziana"
"104","betula medwediewii","Betula medwediewii",FALSE,1,689576,FALSE,"",1,5331762,"Betula medwediewii"
"105","betula michauxii","Betula michauxii",FALSE,1,689578,FALSE,"",1,5332206,"Betula michauxii"
"106","betula nana","Betula nana",FALSE,1,567481,FALSE,"",1,5332004,"Betula nana"
"107","betula nigra","Betula nigra",FALSE,1,267696,FALSE,"",1,5331532,"Betula nigra"
"108","betula occidentalis","Betula occidentalis",FALSE,1,240966,FALSE,"",1,5332055,"Betula occidentalis"
"109","betula papyrifera","Betula papyrifera",FALSE,1,267725,FALSE,"",1,5332120,"Betula papyrifera"
"110","betula pendula","Betula pendula",FALSE,1,267719,FALSE,"",1,5331916,"Betula pendula"
"111","betula populifolia","Betula populifolia",FALSE,1,46581,FALSE,"",2,8184083,"Betula populifolia"
"112","betula pubescens","Betula pubescens",FALSE,1,456846,FALSE,"",1,9118014,"Betula pubescens"
"113","betula pumila","Betula pumila",FALSE,1,921959,FALSE,"",1,5331824,"Betula pumila"
"114","betula raddeana","Betula raddeana",FALSE,1,689582,FALSE,"",1,5331907,"Betula raddeana"
"115","betula schmidtii","Betula schmidtii",FALSE,1,46585,FALSE,"",1,5331904,"Betula schmidtii"
"116","betula utilis","Betula utilis",FALSE,1,922610,FALSE,"",1,5332157,"Betula utilis"
"117","canacomyrica monticola","Canacomyrica monticola",FALSE,1,1063059,FALSE,"",1,3745176,"Canacomyrica monticola"
"118","carpinus betulus","Carpinus betulus",FALSE,1,466468,FALSE,"",1,2875818,"Carpinus betulus"
"119","carpinus caroliniana","Carpinus caroliniana",FALSE,1,466474,FALSE,"",1,2875842,"Carpinus caroliniana"
"120","carpinus cordata","Carpinus cordata",FALSE,1,799877,FALSE,"",1,2875893,"Carpinus cordata"
"121","carpinus fangiana","Carpinus fangiana",FALSE,1,785459,FALSE,"",1,2875922,"Carpinus fangiana"
"122","carpinus japonica","Carpinus japonica",FALSE,1,864523,FALSE,"",1,2875927,"Carpinus japonica"
"123","carpinus kawakamii","Carpinus kawakamii",FALSE,1,517552,FALSE,"",1,2875771,"Carpinus kawakamii"
"124","carpinus laxiflora","Carpinus laxiflora",FALSE,1,731667,FALSE,"",1,2875910,"Carpinus laxiflora"
"125","carpinus londoniana","Carpinus londoniana",FALSE,1,951424,FALSE,"",1,2875954,"Carpinus londoniana"
"126","carpinus monbeigiana","Carpinus monbeigiana",FALSE,1,864520,FALSE,"",1,2875787,"Carpinus monbeigiana"
"127","carpinus orientalis","Carpinus orientalis",FALSE,1,866166,FALSE,"",1,2875780,"Carpinus orientalis"
"128","carpinus polyneura","Carpinus polyneura",FALSE,1,550614,FALSE,"",1,2875850,"Carpinus polyneura"
"129","carpinus pubescens","Carpinus pubescens",FALSE,1,389015,FALSE,"",1,2875798,"Carpinus pubescens"
"130","carpinus putoensis","Carpinus putoensis",FALSE,1,396312,FALSE,"",1,2875961,"Carpinus putoensis"
"131","carpinus rankanensis","Carpinus rankanensis",FALSE,1,787470,FALSE,"",1,2875777,"Carpinus rankanensis"
"132","carpinus tientaiensis","Carpinus tientaiensis",FALSE,1,389017,FALSE,"",1,2875848,"Carpinus tientaiensis"
"133","carpinus tschonoskii","Carpinus tschonoskii",FALSE,1,951426,FALSE,"",1,2875940,"Carpinus tschonoskii"
"134","carpinus viminea","Carpinus viminea",FALSE,1,145043,FALSE,"",1,2875860,"Carpinus viminea"
"135","carya alba","Carya alba",FALSE,1,5749506,FALSE,"",1,3054302,"Carya alba"
"136","carya aquatica","Carya aquatica",FALSE,1,3931005,FALSE,"",1,8246850,"Carya aquatica"
"137","carya cathayensis","Carya cathayensis",FALSE,1,199047,FALSE,"",1,4205744,"Carya cathayensis"
"138","carya cordiformis","Carya cordiformis",FALSE,1,199032,FALSE,"",1,7393941,"Carya cordiformis"
"139","carya floridana","Carya floridana",FALSE,1,3931020,FALSE,"",1,3054348,"Carya floridana"
"140","carya glabra","Carya glabra",FALSE,1,899017,FALSE,"",1,3054334,"Carya glabra"
"141","carya hunanensis","Carya hunanensis",FALSE,1,5233324,FALSE,"",1,8214396,"Carya hunanensis"
"142","carya illinoinensis","Carya illinoinensis",FALSE,1,259040,FALSE,"",1,7445032,"Carya illinoinensis"
"143","carya kweichowensis","Carya kweichowensis",FALSE,1,5233323,FALSE,"",1,4205606,"Carya kweichowensis"
"144","carya laciniosa","Carya laciniosa",FALSE,1,3931022,FALSE,"",1,7915743,"Carya laciniosa"
"145","carya myristiciformis","Carya myristiciformis",FALSE,1,199037,FALSE,"",1,8093912,"Carya myristiciformis"
"146","carya ovata","Carya ovata",FALSE,1,1064112,FALSE,"",1,3054296,"Carya ovata"
"147","carya pallida","Carya pallida",FALSE,1,3931008,FALSE,"",1,3054341,"Carya pallida"
"148","carya sinensis","Annamocarya sinensis",FALSE,1,199045,TRUE,"",1,4205503,"Carya sinensis"
"149","carya texana","Carya texana",FALSE,1,3931016,FALSE,"",1,8391621,"Carya texana"
"150","carya tonkinensis","Carya tonkinensis",FALSE,1,722580,FALSE,"",1,4205522,"Carya tonkinensis"
"151","castanea crenata","Castanea crenata",FALSE,1,429760,FALSE,"",1,5333249,"Castanea crenata"
"152","castanea dentata","Castanea dentata",FALSE,1,562865,FALSE,"",1,5333230,"Castanea dentata"
"153","castanea henryi","Castanea henryi",FALSE,1,926295,FALSE,"",1,5333207,"Castanea henryi"
"154","castanea mollissima","Castanea mollissima",FALSE,1,540978,FALSE,"",1,5333237,"Castanea mollissima"
"155","castanea ozarkensis","Castanea ozarkensis",FALSE,1,202055,FALSE,"",1,5333306,"Castanea ozarkensis"
"156","castanea pumila","Castanea pumila",FALSE,1,180564,FALSE,"",1,5333212,"Castanea pumila"
"157","castanea sativa","Castanea sativa",FALSE,1,1028994,FALSE,"",1,5333294,"Castanea sativa"
"158","castanea seguinii","Castanea seguinii",FALSE,1,180567,FALSE,"",1,5333304,"Castanea seguinii"
"159","castanopsis amabilis","Castanopsis amabilis",FALSE,1,671880,FALSE,"",1,5333142,"Castanopsis amabilis"
"160","castanopsis argyrophylla","Castanopsis argyrophylla",FALSE,1,753630,FALSE,"",1,5333009,"Castanopsis argyrophylla"
"161","castanopsis calathiformis","Castanopsis calathiformis",FALSE,1,651165,FALSE,"",1,5332931,"Castanopsis calathiformis"
"162","castanopsis carlesii","Castanopsis carlesii",FALSE,1,651169,FALSE,"",1,5333184,"Castanopsis carlesii"
"163","castanopsis ceratacantha","Castanopsis ceratacantha",FALSE,1,651167,FALSE,"",1,5333136,"Castanopsis ceratacantha"
"164","castanopsis cerebrina","Castanopsis cerebrina",FALSE,1,671882,FALSE,"",1,5332915,"Castanopsis cerebrina"
"165","castanopsis chinensis","Castanopsis chinensis",FALSE,1,221201,FALSE,"",2,5333067,"Castanopsis chinensis"
"166","castanopsis cuspidata","Castanopsis cuspidata",FALSE,1,448681,FALSE,"",1,5333089,"Castanopsis cuspidata"
"167","castanopsis delavayi","Castanopsis delavayi",FALSE,1,651159,FALSE,"",1,5332976,"Castanopsis delavayi"
"168","castanopsis echinocarpa","Castanopsis echinocarpa",FALSE,1,651157,FALSE,"",1,5333036,"Castanopsis echinocarpa"
"169","castanopsis eyrei","Castanopsis eyrei",FALSE,1,149019,FALSE,"",1,5333175,"Castanopsis eyrei"
"170","castanopsis fabri","Castanopsis fabri",FALSE,1,149016,FALSE,"",1,5610988,"Castanopsis fabri"
"171","castanopsis fargesii","Castanopsis fargesii",FALSE,1,651163,FALSE,"",1,5332927,"Castanopsis fargesii"
"172","castanopsis fissa","Castanopsis fissa",FALSE,1,651161,FALSE,"",1,5332934,"Castanopsis fissa"
"173","castanopsis fleuryi","Castanopsis fleuryi",FALSE,1,651155,FALSE,"",1,5333033,"Castanopsis fleuryi"
"174","castanopsis hypophoenicea","Castanopsis hypophoenicea",FALSE,1,651153,FALSE,"",1,5333080,"Castanopsis hypophoenicea"
"175","castanopsis indica","Castanopsis indica",FALSE,1,129487,FALSE,"",1,5332911,"Castanopsis indica"
"176","castanopsis inermis","Castanopsis inermis",FALSE,1,432816,FALSE,"",1,5333157,"Castanopsis inermis"
"177","castanopsis longzhouica","Castanopsis longzhouica",FALSE,1,149023,FALSE,"",1,5611054,"Castanopsis longzhouica"
"178","castanopsis lucida","Castanopsis lucida",FALSE,1,432811,FALSE,"",1,5333114,"Castanopsis lucida"
"179","castanopsis psilophylla","Castanopsis psilophylla",FALSE,1,129481,FALSE,"",1,5333079,"Castanopsis psilophylla"
"180","castanopsis rockii","Castanopsis rockii",FALSE,1,129483,FALSE,"",1,5333052,"Castanopsis rockii"
"181","castanopsis sclerophylla","Castanopsis sclerophylla",FALSE,1,149021,FALSE,"",1,5333066,"Castanopsis sclerophylla"
"182","castanopsis sieboldii","Castanopsis sieboldii",FALSE,1,853655,FALSE,"",1,5333015,"Castanopsis sieboldii"
"183","castanopsis tibetana","Castanopsis tibetana",FALSE,1,738665,FALSE,"",1,5333011,"Castanopsis tibetana"
"184","castanopsis uraiana","Castanopsis uraiana",FALSE,1,149026,FALSE,"",1,5332814,"Castanopsis uraiana"
"185","castanopsis wattii","Castanopsis wattii",FALSE,1,129477,FALSE,"",1,5333055,"Castanopsis wattii"
"186","casuarina collina","Casuarina collina",FALSE,1,738922,FALSE,"",1,2891933,"Casuarina collina"
"187","casuarina cristata","Casuarina cristata",FALSE,1,347528,FALSE,"",1,2891927,"Casuarina cristata"
"188","casuarina cunninghamiana","Casuarina cunninghamiana",FALSE,1,79351,FALSE,"",1,2891932,"Casuarina cunninghamiana"
"189","casuarina equisetifolia","Casuarina equisetifolia",FALSE,1,216638,FALSE,"",1,2891930,"Casuarina equisetifolia"
"190","casuarina glauca","Casuarina glauca",FALSE,1,216635,FALSE,"",1,7417428,"Casuarina glauca"
"191","casuarina obesa","Casuarina obesa",FALSE,1,738931,FALSE,"",1,2891935,"Casuarina obesa"
"192","casuarina oligodon","Casuarina oligodon",FALSE,1,347531,FALSE,"",1,2891928,"Casuarina oligodon"
"193","casuarina pauper","Casuarina pauper",FALSE,1,347535,FALSE,"",1,8291629,"Casuarina pauper"
"194","ceuthostoma palawanense","Ceuthostoma palawanense",FALSE,1,347541,FALSE,"",1,2891924,"Ceuthostoma palawanense"
"195","ceuthostoma terminale","Ceuthostoma terminale",FALSE,1,671340,FALSE,"",1,2891923,"Ceuthostoma terminale"
"196","chrysolepis chrysophylla","Chrysolepis chrysophylla",FALSE,1,1011398,FALSE,"",1,5333315,"Chrysolepis chrysophylla"
"197","chrysolepis sempervirens","Chrysolepis sempervirens",FALSE,1,288126,FALSE,"",1,5333311,"Chrysolepis sempervirens"
"198","colombobalanus excelsa","Colombobalanus excelsa",FALSE,1,403382,FALSE,"",1,2876671,"Colombobalanus excelsa"
"199","comptonia peregrina","Comptonia peregrina",FALSE,1,706092,FALSE,"",1,5414197,"Comptonia peregrina"
"200","corylus americana","Corylus americana",FALSE,1,731679,FALSE,"",1,2876060,"Corylus americana"
"201","corylus avellana","Corylus avellana",FALSE,1,424336,FALSE,"",1,2875979,"Corylus avellana"
"202","corylus chinensis","Corylus chinensis",FALSE,1,550618,FALSE,"",1,2876088,"Corylus chinensis"
"203","corylus colurna","Corylus colurna",FALSE,1,182954,FALSE,"",1,2875968,"Corylus colurna"
"204","corylus cornuta","Corylus cornuta",FALSE,1,424330,FALSE,"",1,2876032,"Corylus cornuta"
"205","corylus fargesii","Corylus fargesii",FALSE,1,866893,FALSE,"",1,2876069,"Corylus fargesii"
"206","corylus ferox","Corylus ferox",FALSE,1,747662,FALSE,"",1,2876008,"Corylus ferox"
"207","corylus jacquemontii","Corylus jacquemontii",FALSE,1,747673,FALSE,"",1,2876028,"Corylus jacquemontii"
"208","corylus maxima","Corylus maxima",FALSE,1,747675,FALSE,"",1,2876049,"Corylus maxima"
"209","corylus sieboldiana","Corylus sieboldiana",FALSE,1,82543,FALSE,"",1,2876013,"Corylus sieboldiana"
"210","corylus yunnanensis","Corylus yunnanensis",FALSE,1,214017,FALSE,"",1,2876044,"Corylus yunnanensis"
"211","cyclocarya paliurus","Cyclocarya paliurus",FALSE,1,1091658,FALSE,"",1,7310524,"Cyclocarya paliurus"
"212","engelhardia roxburghiana","Engelhardia roxburghiana",FALSE,1,722586,FALSE,"",2,8413198,"Engelhardia roxburghiana"
"213","engelhardia serrata","Engelhardia serrata",FALSE,1,514172,FALSE,"",1,7965217,"Engelhardia serrata"
"214","engelhardia spicata","Engelhardia spicata",FALSE,1,722583,FALSE,"",1,7310512,"Engelhardia spicata"
"215","fagus crenata","Fagus crenata",FALSE,1,288140,FALSE,"",1,2882300,"Fagus crenata"
"216","fagus engleriana","Fagus engleriana",FALSE,1,991650,FALSE,"",1,2882268,"Fagus engleriana"
"217","fagus grandifolia","Fagus grandifolia",FALSE,1,422459,FALSE,"",1,2882274,"Fagus grandifolia"
"218","fagus hayatae","Fagus hayatae",FALSE,1,764937,FALSE,"",1,2882373,"Fagus hayatae"
"219","fagus japonica","Fagus japonica",FALSE,1,485001,FALSE,"",1,2882368,"Fagus japonica"
"220","fagus longipetiolata","Fagus longipetiolata",FALSE,1,991641,FALSE,"",1,2882313,"Fagus longipetiolata"
"221","fagus lucida","Fagus lucida",FALSE,1,991648,FALSE,"",1,2882357,"Fagus lucida"
"222","fagus orientalis","Fagus sylvatica subsp. orientalis",FALSE,1,685939,TRUE,"infraspecific",1,2882360,"Fagus orientalis"
"223","fagus sylvatica","Fagus sylvatica",FALSE,1,774712,FALSE,"",1,2882316,"Fagus sylvatica"
"224","fagus taurica","Fagus taurica",FALSE,1,3930068,FALSE,"",1,2882270,"Fagus taurica"
"225","fuscospora alessandri","Fuscospora alessandri",FALSE,1,774709,FALSE,"",1,2874927,"Fuscospora alessandri"
"226","fuscospora fusca","Fuscospora fusca",FALSE,1,316856,FALSE,"",1,2874959,"Fuscospora fusca"
"227","fuscospora gunnii","Fuscospora gunnii",FALSE,1,316861,FALSE,"extinct",1,2874974,"Fuscospora gunnii"
"228","fuscospora solandri","Fuscospora solandri",FALSE,1,811965,FALSE,"",1,3906644,"Fuscospora solandri"
"229","fuscospora truncata","Fuscospora truncata",FALSE,1,811961,FALSE,"",1,2874964,"Fuscospora truncata"
"230","gymnostoma australianum","Gymnostoma australianum",FALSE,1,922608,FALSE,"",1,2891808,"Gymnostoma australianum"
"231","gymnostoma chamaecyparis","Gymnostoma chamaecyparis",FALSE,1,113111,FALSE,"",1,2891794,"Gymnostoma chamaecyparis"
"232","gymnostoma deplancheanum","Gymnostoma deplancheanum",FALSE,1,113109,FALSE,"",1,2891817,"Gymnostoma deplancheanum"
"233","gymnostoma glaucescens","Gymnostoma glaucescens",FALSE,1,113107,FALSE,"",1,2891819,"Gymnostoma glaucescens"
"234","gymnostoma intermedium","Gymnostoma intermedium",FALSE,1,671357,FALSE,"",1,2891800,"Gymnostoma intermedium"
"235","gymnostoma leucodon","Gymnostoma leucodon",FALSE,1,113118,FALSE,"",1,2891813,"Gymnostoma leucodon"
"236","gymnostoma nobile","Gymnostoma nobile",FALSE,1,671342,FALSE,"",1,2891815,"Gymnostoma nobile"
"237","gymnostoma nodiflorum","Gymnostoma nodiflorum",FALSE,1,113114,FALSE,"",1,2891796,"Gymnostoma nodiflorum"
"238","gymnostoma papuanum","Gymnostoma papuanum",FALSE,1,922615,FALSE,"",1,2891811,"Gymnostoma papuanum"
"239","gymnostoma poissonianum","Gymnostoma poissonianum",FALSE,1,113124,FALSE,"",1,2891809,"Gymnostoma poissonianum"
"240","gymnostoma sumatranum","Gymnostoma sumatranum",FALSE,1,113122,FALSE,"",1,2891804,"Gymnostoma sumatranum"
"241","gymnostoma webbianum","Gymnostoma webbianum",FALSE,1,79357,FALSE,"",1,2891806,"Gymnostoma webbianum"
"242","juglans ailanthifolia","Juglans ailanthifolia",FALSE,1,643476,FALSE,"",1,3054366,"Juglans ailanthifolia"
"243","juglans australis","Juglans australis",FALSE,1,70104,FALSE,"",1,4205676,"Juglans australis"
"244","juglans boliviana","Juglans boliviana",FALSE,1,414528,FALSE,"",1,3054351,"Juglans boliviana"
"245","juglans californica","Juglans californica",FALSE,1,981835,FALSE,"",1,3054354,"Juglans californica"
"246","juglans cinerea","Juglans cinerea",FALSE,1,70111,FALSE,"",1,3054352,"Juglans cinerea"
"247","juglans hindsii","Juglans hindsii",FALSE,1,70108,FALSE,"",1,3054373,"Juglans hindsii"
"248","juglans hirsuta","Juglans hirsuta",FALSE,1,828763,FALSE,"",1,4205339,"Juglans hirsuta"
"249","juglans hopeiensis","Juglans hopeiensis",FALSE,1,563846,FALSE,"",1,4205319,"Juglans hopeiensis"
"250","juglans jamaicensis","Juglans jamaicensis",FALSE,1,828765,FALSE,"",1,3054369,"Juglans jamaicensis"
"251","juglans major","Juglans major",FALSE,1,414533,FALSE,"",1,3054359,"Juglans major"
"252","juglans mandshurica","Juglans mandshurica",FALSE,1,70093,FALSE,"",2,4205640,"Juglans mandshurica"
"253","juglans microcarpa","Juglans microcarpa",FALSE,1,70096,FALSE,"",1,3054372,"Juglans microcarpa"
"254","juglans mollis","Juglans mollis",FALSE,1,563844,FALSE,"",1,4205597,"Juglans mollis"
"255","juglans neotropica","Juglans neotropica",FALSE,1,591080,FALSE,"",1,3054364,"Juglans neotropica"
"256","juglans nigra","Juglans nigra",FALSE,1,1072887,FALSE,"",2,3054357,"Juglans nigra"
"257","juglans olanchana","Juglans olanchana",FALSE,1,591076,FALSE,"",1,7310526,"Juglans olanchana"
"258","juglans regia","Juglans regia",FALSE,1,138717,FALSE,"",1,3054368,"Juglans regia"
"259","juglans sigillata","Juglans sigillata",FALSE,1,492312,FALSE,"",1,4205692,"Juglans sigillata"
"260","juglans steyermarkii","Juglans steyermarkii",FALSE,1,1026463,FALSE,"",1,4205657,"Juglans steyermarkii"
"261","juglans venezuelensis","Juglans venezuelensis",FALSE,1,1026516,FALSE,"",1,4205624,"Juglans venezuelensis"
"262","lithocarpus balansae","Lithocarpus balansae",FALSE,1,711429,FALSE,"sibling_higher",1,5332381,"Lithocarpus balansae"
"263","lithocarpus bancanus","Lithocarpus bancanus",FALSE,1,432813,FALSE,"sibling_higher",1,5332334,"Lithocarpus bancanus"
"264","lithocarpus beccarianus","Lithocarpus beccarianus",FALSE,1,456631,FALSE,"sibling_higher",1,5332846,"Lithocarpus beccarianus"
"265","lithocarpus bennettii","Lithocarpus bennettii",FALSE,1,456629,FALSE,"sibling_higher",1,5332822,"Lithocarpus bennettii"
"266","lithocarpus blumeanus","Lithocarpus blumeanus",FALSE,1,456635,FALSE,"sibling_higher",1,5332712,"Lithocarpus blumeanus"
"267","lithocarpus bullatus","Lithocarpus bullatus",FALSE,1,129475,FALSE,"sibling_higher",1,5332794,"Lithocarpus bullatus"
"268","lithocarpus cleistocarpus","Lithocarpus cleistocarpus",FALSE,1,149030,FALSE,"sibling_higher",1,5332507,"Lithocarpus cleistocarpus"
"269","lithocarpus clementianus","Lithocarpus clementianus",FALSE,1,456633,FALSE,"sibling_higher",1,5332428,"Lithocarpus clementianus"
"270","lithocarpus conocarpus","Lithocarpus conocarpus",FALSE,1,456639,FALSE,"sibling_higher",1,5332755,"Lithocarpus conocarpus"
"271","lithocarpus coopertus","Lithocarpus coopertus",FALSE,1,129466,FALSE,"sibling_higher",1,5332692,"Lithocarpus coopertus"
"272","lithocarpus corneus","Lithocarpus corneus",FALSE,1,129471,FALSE,"sibling_higher",1,5332590,"Lithocarpus corneus"
"273","lithocarpus dealbatus","Lithocarpus dealbatus",FALSE,1,877517,FALSE,"sibling_higher",1,8857371,"Lithocarpus dealbatus"
"274","lithocarpus echinifer","Lithocarpus echinifer",FALSE,1,456645,FALSE,"sibling_higher",1,5332759,"Lithocarpus echinifer"
"275","lithocarpus echinophorus","Lithocarpus echinophorus",FALSE,1,877519,FALSE,"sibling_higher",1,5332676,"Lithocarpus echinophorus"
"276","lithocarpus echinotholus","Lithocarpus echinotholus",FALSE,1,877513,FALSE,"sibling_higher",1,5332538,"Lithocarpus echinotholus"
"277","lithocarpus edulis","Lithocarpus edulis",FALSE,1,806231,FALSE,"sibling_higher",1,5332491,"Lithocarpus edulis"
"278","lithocarpus encleisocarpus","Lithocarpus encleisocarpus",FALSE,1,456641,FALSE,"sibling_higher",1,5332728,"Lithocarpus encleisocarpus"
"279","lithocarpus ewyckii","Lithocarpus ewyckii",FALSE,1,877515,FALSE,"sibling_higher",1,5332535,"Lithocarpus ewyckii"
"280","lithocarpus fenestratus","Lithocarpus fenestratus",FALSE,1,877525,FALSE,"sibling_higher",1,5332353,"Lithocarpus fenestratus"
"281","lithocarpus ferrugineus","Lithocarpus ferrugineus",FALSE,1,877527,FALSE,"sibling_higher",1,5332813,"Lithocarpus ferrugineus"
"282","lithocarpus glaber","Lithocarpus glaber",FALSE,1,806235,FALSE,"sibling_higher",1,5332388,"Lithocarpus glaber"
"283","lithocarpus hancei","Lithocarpus hancei",FALSE,1,877523,FALSE,"sibling_higher",1,5332494,"Lithocarpus hancei"
"284","lithocarpus hatusimae","Lithocarpus hatusimae",FALSE,1,877506,FALSE,"sibling_higher",1,5332876,"Lithocarpus hatusimae"
"285","lithocarpus havilandii","Lithocarpus havilandii",FALSE,1,456624,FALSE,"sibling_higher",1,5332861,"Lithocarpus havilandii"
"286","lithocarpus henryi","Lithocarpus henryi",FALSE,1,258123,FALSE,"sibling_higher",1,5332754,"Lithocarpus henryi"
"287","lithocarpus kalkmanii","Lithocarpus kalkmanii",FALSE,1,456622,FALSE,"sibling_higher",1,5332613,"Lithocarpus kalkmanii"
"288","lithocarpus keningauensis","Lithocarpus keningauensis",FALSE,1,1032999,FALSE,"sibling_higher",1,5332433,"Lithocarpus keningauensis"
"289","lithocarpus lampadarius","Lithocarpus lampadarius",FALSE,1,1033001,FALSE,"sibling_higher",1,5332550,"Lithocarpus lampadarius"
"290","lithocarpus laoticus","Lithocarpus laoticus",FALSE,1,711433,FALSE,"sibling_higher",1,5332512,"Lithocarpus laoticus"
"291","lithocarpus leptogyne","Lithocarpus leptogyne",FALSE,1,877508,FALSE,"sibling_higher",1,5332715,"Lithocarpus leptogyne"
"292","lithocarpus litseifolius","Lithocarpus litseifolius",FALSE,1,149033,FALSE,"sibling_higher",1,5332469,"Lithocarpus litseifolius"
"293","lithocarpus lucidus","Lithocarpus lucidus",FALSE,1,1032995,FALSE,"sibling_higher",1,5332710,"Lithocarpus lucidus"
"294","lithocarpus luteus","Lithocarpus luteus",FALSE,1,1032997,FALSE,"sibling_higher",1,5332649,"Lithocarpus luteus"
"295","lithocarpus nieuwenhuisii","Lithocarpus nieuwenhuisii",FALSE,1,302749,FALSE,"sibling_higher",1,5332659,"Lithocarpus nieuwenhuisii"
"296","lithocarpus pachylepis","Lithocarpus pachylepis",FALSE,1,302747,FALSE,"sibling_higher",1,5332589,"Lithocarpus pachylepis"
"297","lithocarpus pachyphyllus","Lithocarpus pachyphyllus",FALSE,1,302753,FALSE,"sibling_higher",1,5332519,"Lithocarpus pachyphyllus"
"298","lithocarpus palungensis","Lithocarpus palungensis",FALSE,1,1033007,FALSE,"sibling_higher",1,5332333,"Lithocarpus palungensis"
"299","lithocarpus papillifer","Lithocarpus papillifer",FALSE,1,302751,FALSE,"sibling_higher",1,5332872,"Lithocarpus papillifer"
"300","lithocarpus pulcher","Lithocarpus pulcher",FALSE,1,1033009,FALSE,"sibling_higher",1,5332450,"Lithocarpus pulcher"
"301","lithocarpus revolutus","Lithocarpus revolutus",FALSE,1,1033003,FALSE,"sibling_higher",1,5332488,"Lithocarpus revolutus"
"302","lithocarpus rotundatus","Lithocarpus rotundatus",FALSE,1,1033005,FALSE,"sibling_higher",1,5332724,"Lithocarpus rotundatus"
"303","lithocarpus rufovillosus","Lithocarpus rufovillosus",FALSE,1,554693,FALSE,"sibling_higher",1,5332648,"Lithocarpus rufovillosus"
"304","lithocarpus ruminatus","Lithocarpus ruminatus",FALSE,1,1032990,FALSE,"sibling_higher",1,5332583,"Lithocarpus ruminatus"
"305","lithocarpus sericobalanos","Lithocarpus sericobalanos",FALSE,1,1032992,FALSE,"sibling_higher",1,5332886,"Lithocarpus sericobalanos"
"306","lithocarpus silvicolarum","Lithocarpus silvicolarum",FALSE,1,711435,FALSE,"sibling_higher",1,5332741,"Lithocarpus silvicolarum"
"307","lithocarpus truncatus","Lithocarpus truncatus",FALSE,1,302757,FALSE,"sibling_higher",1,5332358,"Lithocarpus truncatus"
"308","lithocarpus turbinatus","Lithocarpus turbinatus",FALSE,1,406359,FALSE,"sibling_higher",1,5332857,"Lithocarpus turbinatus"
"309","lithocarpus wallichianus","Lithocarpus wallichianus",FALSE,1,432822,FALSE,"sibling_higher",1,5332452,"Lithocarpus wallichianus"
"310","lithocarpus xylocarpus","Lithocarpus xylocarpus",FALSE,1,302755,FALSE,"sibling_higher",1,5332783,"Lithocarpus xylocarpus"
"311","lophozonia cunninghamii","Lophozonia cunninghamii",FALSE,1,862659,FALSE,"",1,2874928,"Lophozonia cunninghamii"
"312","lophozonia glauca","Lophozonia glauca",FALSE,1,316852,FALSE,"",1,2874969,"Lophozonia glauca"
"313","lophozonia menziesii","Lophozonia menziesii",FALSE,1,316863,FALSE,"",1,2874917,"Lophozonia menziesii"
"314","lophozonia moorei","Lophozonia moorei",FALSE,1,316858,FALSE,"",1,2874979,"Lophozonia moorei"
"315","lophozonia obliqua","Lophozonia obliqua",FALSE,1,237411,FALSE,"",1,2874984,"Lophozonia obliqua"
"316","morella adenophora","Morella adenophora",FALSE,1,729748,FALSE,"",1,3745152,"Morella adenophora"
"317","morella brevifolia","Morella brevifolia",FALSE,1,363723,FALSE,"",1,3745132,"Morella brevifolia"
"318","morella californica","Morella californica",FALSE,1,661005,FALSE,"",1,3168990,"Morella californica"
"319","morella caroliniensis","Morella caroliniensis",FALSE,1,47808,FALSE,"",1,3169005,"Morella caroliniensis"
"320","morella cerifera","Morella cerifera",FALSE,1,791123,FALSE,"",1,3168995,"Morella cerifera"
"321","morella cordifolia","Morella cordifolia",FALSE,1,1063072,FALSE,"",1,3745031,"Morella cordifolia"
"322","morella diversifolia","Morella diversifolia",FALSE,1,363725,FALSE,"",1,3745020,"Morella diversifolia"
"323","morella esculenta","Morella esculenta",FALSE,1,223079,FALSE,"",1,3745012,"Morella esculenta"
"324","morella faya","Morella faya",FALSE,1,661001,FALSE,"",1,3168988,"Morella faya"
"325","morella humilis","Morella humilis",FALSE,1,363729,FALSE,"",1,3744943,"Morella humilis"
"326","morella inodora","Morella inodora",FALSE,1,363715,FALSE,"",1,3168992,"Morella inodora"
"327","morella integra","Morella integra",FALSE,1,363717,FALSE,"",1,3745158,"Morella integra"
"328","morella javanica","Morella javanica",FALSE,1,363719,FALSE,"",1,3745150,"Morella javanica"
"329","morella kraussiana","Morella kraussiana",FALSE,1,363721,FALSE,"",1,3745130,"Morella kraussiana"
"330","morella nana","Morella nana",FALSE,1,363731,FALSE,"",1,3745083,"Morella nana"
"331","morella parvifolia","Morella parvifolia",FALSE,1,363733,FALSE,"",1,3745064,"Morella parvifolia"
"332","morella pavonis","Morella pavonis",FALSE,1,888420,FALSE,"",1,3745046,"Morella pavonis"
"333","morella pensylvanica","Morella pensylvanica",FALSE,1,642886,FALSE,"",1,3169001,"Morella pensylvanica"
"334","morella pilulifera","Morella pilulifera",FALSE,1,888418,FALSE,"",1,3745006,"Morella pilulifera"
"335","morella pubescens","Morella pubescens",FALSE,1,888416,FALSE,"",1,3744993,"Morella pubescens"
"336","morella punctata","Morella punctata",FALSE,1,888414,FALSE,"",1,3744951,"Morella punctata"
"337","morella quercifolia","Morella quercifolia",FALSE,1,660999,FALSE,"",1,3745182,"Morella quercifolia"
"338","morella rivas-martinezii","Morella rivas-martinezii",FALSE,1,661003,FALSE,"",1,3745163,"Morella rivas-martinezii"
"339","morella rubra","Morella rubra",FALSE,1,660992,FALSE,"",1,3745136,"Morella rubra"
"340","morella serrata","Morella serrata",FALSE,1,888424,FALSE,"",1,3745060,"Morella serrata"
"341","morella spathulata","Morella spathulata",FALSE,1,660987,FALSE,"",1,3745035,"Morella spathulata"
"342","myrica gale","Myrica gale",FALSE,1,79360,FALSE,"",1,5414202,"Myrica gale"
"343","myrica hartwegii","Myrica hartwegii",FALSE,1,495871,FALSE,"",1,5414208,"Myrica hartwegii"
"344","nothofagus antarctica","Nothofagus antarctica",FALSE,1,774706,FALSE,"",1,2874930,"Nothofagus antarctica"
"345","nothofagus betuloides","Nothofagus betuloides",FALSE,1,862678,FALSE,"",1,2874949,"Nothofagus betuloides"
"346","nothofagus dombeyi","Nothofagus dombeyi",FALSE,1,451236,FALSE,"",1,2874895,"Nothofagus dombeyi"
"347","nothofagus nitida","Nothofagus nitida",FALSE,1,451276,FALSE,"",1,2874982,"Nothofagus nitida"
"348","nothofagus pumilio","Nothofagus pumilio",FALSE,1,811959,FALSE,"",1,2874907,"Nothofagus pumilio"
"349","notholithocarpus densiflorus","Notholithocarpus densiflorus",FALSE,1,456637,FALSE,"",1,3906623,"Notholithocarpus densiflorus"
"350","oreomunnea mexicana","Oreomunnea mexicana",FALSE,1,722596,FALSE,"",1,7310542,"Oreomunnea mexicana"
"351","oreomunnea pterocarpa","Oreomunnea pterocarpa",FALSE,1,351762,FALSE,"",1,4205518,"Oreomunnea pterocarpa"
"352","ostrya carpinifolia","Ostrya carpinifolia",FALSE,1,389025,FALSE,"",1,5332305,"Ostrya carpinifolia"
"353","ostrya japonica","Ostrya japonica",FALSE,1,389019,FALSE,"",1,5332311,"Ostrya japonica"
"354","ostrya knowltonii","Ostrya knowltonii",FALSE,1,389021,FALSE,"",1,8256061,"Ostrya knowltonii"
"355","ostrya rehderiana","Ostrya rehderiana",FALSE,1,550609,FALSE,"",1,5332286,"Ostrya rehderiana"
"356","ostrya virginiana","Ostrya virginiana",FALSE,1,747780,FALSE,"",1,5332289,"Ostrya virginiana"
"357","ostryopsis davidiana","Ostryopsis davidiana",FALSE,1,274190,FALSE,"",1,2876094,"Ostryopsis davidiana"
"358","ostryopsis nobilis","Ostryopsis nobilis",FALSE,1,389012,FALSE,"",1,2876096,"Ostryopsis nobilis"
"359","platycarya strobilacea","Platycarya strobilacea",FALSE,1,264610,FALSE,"",1,7148630,"Platycarya strobilacea"
"360","pterocarya hupehensis","Pterocarya hupehensis",FALSE,1,258121,FALSE,"",1,4205377,"Pterocarya hupehensis"
"361","pterocarya macroptera","Pterocarya macroptera",FALSE,1,722594,FALSE,"",1,7310494,"Pterocarya macroptera"
"362","pterocarya rhoifolia","Pterocarya rhoifolia",FALSE,1,496574,FALSE,"",1,4205300,"Pterocarya rhoifolia"
"363","pterocarya stenoptera","Pterocarya stenoptera",FALSE,1,591068,FALSE,"",1,3054377,"Pterocarya stenoptera"
"364","pterocarya tonkinensis","Pterocarya tonkinensis",FALSE,1,591065,FALSE,"",1,4205741,"Pterocarya tonkinensis"
"365","quercus acuta","Quercus acuta",FALSE,1,806243,FALSE,"",4,2876863,"Quercus acuta"
"366","quercus acutifolia","Quercus acutifolia",FALSE,1,7056059,FALSE,"",1,2880727,"Quercus acutifolia"
"367","quercus acutissima","Quercus acutissima",FALSE,1,272706,FALSE,"",1,2877959,"Quercus acutissima"
"368","quercus afares","Quercus afares",FALSE,1,710721,FALSE,"",1,2878062,"Quercus afares"
"369","quercus agrifolia","Quercus agrifolia",FALSE,1,403384,FALSE,"",1,2880897,"Quercus agrifolia"
"370","quercus alba","Quercus alba",FALSE,1,791112,FALSE,"",1,2879737,"Quercus alba"
"371","quercus aliena","Quercus aliena",FALSE,1,429770,FALSE,"",1,2881654,"Quercus aliena"
"372","quercus alnifolia","Quercus alnifolia",FALSE,1,863383,FALSE,"",1,2880756,"Quercus alnifolia"
"373","quercus aquifolioides","Quercus aquifolioides",FALSE,1,3930699,FALSE,"",1,2878533,"Quercus aquifolioides"
"374","quercus argentata","Quercus argentata",FALSE,1,302763,FALSE,"",1,2880764,"Quercus argentata"
"375","quercus arizonica","Quercus arizonica",FALSE,1,926293,FALSE,"",1,2877992,"Quercus arizonica"
"376","quercus austrina","Quercus austrina",FALSE,1,117125,FALSE,"",1,2879818,"Quercus austrina"
"377","quercus austroglauca","Quercus austroglauca",FALSE,1,302759,FALSE,"",1,2881251,"Quercus austroglauca"
"378","quercus baloot","Quercus baloot",FALSE,1,863367,FALSE,"",1,2879258,"Quercus baloot"
"379","quercus baronii","Quercus baronii",FALSE,1,137334,FALSE,"",1,2880449,"Quercus baronii"
"380","quercus bicolor","Quercus bicolor",FALSE,1,1062902,FALSE,"",1,2878470,"Quercus bicolor"
"381","quercus brandegeei","Quercus brandegeei",FALSE,1,3930866,FALSE,"",1,2880008,"Quercus brandegeei"
"382","quercus buckleyi","Quercus buckleyi",FALSE,1,316110,FALSE,"",1,2879863,"Quercus buckleyi"
"383","quercus candicans","Quercus candicans",FALSE,1,3930917,FALSE,"",1,2880687,"Quercus candicans"
"384","quercus castanea","Quercus castanea",FALSE,1,3930571,FALSE,"",3,2879127,"Quercus castanea"
"385","quercus castaneifolia","Quercus castaneifolia",FALSE,1,716869,FALSE,"",2,7930013,"Quercus castaneifolia"
"386","quercus cedrosensis","Quercus cedrosensis",FALSE,1,403387,FALSE,"",1,2880835,"Quercus cedrosensis"
"387","quercus cerris","Quercus cerris",FALSE,1,520576,FALSE,"",3,5332964,"Quercus cerris"
"388","quercus chapmanii","Quercus chapmanii",FALSE,1,695025,FALSE,"",1,2879533,"Quercus chapmanii"
"389","quercus chrysolepis","Quercus chrysolepis",FALSE,1,403389,FALSE,"",1,2879984,"Quercus chrysolepis"
"390","quercus ciliaris","Quercus ciliaris",FALSE,1,514567,FALSE,"",1,2881691,"Quercus ciliaris"
"391","quercus coccifera","Quercus coccifera",FALSE,1,272695,FALSE,"",1,2879175,"Quercus coccifera"
"392","quercus cocciferoides","Quercus cocciferoides",FALSE,1,302745,FALSE,"",1,2879374,"Quercus cocciferoides"
"393","quercus cornelius-mulleri","Quercus cornelius-mulleri",FALSE,1,302743,FALSE,"",1,2880518,"Quercus cornelius-mulleri"
"394","quercus crassipes","Quercus crassipes",FALSE,1,3930698,FALSE,"",1,2879568,"Quercus crassipes"
"395","quercus crenata","Quercus crenata",FALSE,1,1065843,FALSE,"",1,2880003,"Quercus crenata"
"396","quercus cubana","Quercus cubana",FALSE,1,1056277,FALSE,"",1,2879771,"Quercus cubana"
"397","quercus dalechampii","Quercus dalechampii",FALSE,1,288819,FALSE,"",1,2880461,"Quercus dalechampii"
"398","quercus dentata","Quercus dentata",FALSE,1,429749,FALSE,"",3,2879353,"Quercus dentata"
"399","quercus douglasii","Quercus douglasii",FALSE,1,3930798,FALSE,"",1,2878266,"Quercus douglasii"
"400","quercus dumosa","Quercus dumosa",FALSE,1,554707,FALSE,"",1,2880740,"Quercus dumosa"
"401","quercus ellipsoidalis","Quercus ellipsoidalis",FALSE,1,775280,FALSE,"",1,2879276,"Quercus ellipsoidalis"
"402","quercus engelmannii","Quercus engelmannii",FALSE,1,403392,FALSE,"",1,2880771,"Quercus engelmannii"
"403","quercus engleriana","Quercus engleriana",FALSE,1,826986,FALSE,"",1,2880963,"Quercus engleriana"
"404","quercus fabri","Quercus fabri",FALSE,1,366238,FALSE,"",1,2877952,"Quercus fabri"
"405","quercus faginea","Quercus faginea",FALSE,1,381049,FALSE,"",2,2881480,"Quercus faginea"
"406","quercus falcata","Quercus falcata",FALSE,1,826988,FALSE,"",1,2880967,"Quercus falcata"
"407","quercus floribunda","Quercus floribunda",FALSE,1,63431,FALSE,"",1,2880561,"Quercus floribunda"
"408","quercus frainetto","Quercus frainetto",FALSE,1,1065845,FALSE,"",1,2879504,"Quercus frainetto"
"409","quercus franchetii","Quercus franchetii",FALSE,1,130797,FALSE,"",1,2878529,"Quercus franchetii"
"410","quercus fusiformis","Quercus fusiformis",FALSE,1,1026065,FALSE,"",1,2880509,"Quercus fusiformis"
"411","quercus gambelii","Quercus gambelii",FALSE,1,926290,FALSE,"",2,2878268,"Quercus gambelii"
"412","quercus garryana","Quercus garryana",FALSE,1,926287,FALSE,"",1,2879260,"Quercus garryana"
"413","quercus gemelliflora","Quercus gemelliflora",FALSE,1,432824,FALSE,"",1,2878443,"Quercus gemelliflora"
"414","quercus geminata","Quercus geminata",FALSE,1,403395,FALSE,"",2,2878250,"Quercus geminata"
"415","quercus gilva","Quercus gilva",FALSE,1,239491,FALSE,"",1,2879999,"Quercus gilva"
"416","quercus glauca","Quercus glauca",FALSE,1,429780,FALSE,"",4,2876873,"Quercus glauca"
"417","quercus griffithii","Quercus griffithii",FALSE,1,826976,FALSE,"",1,2879545,"Quercus griffithii"
"418","quercus guyavifolia","Quercus guyavifolia",FALSE,1,3930897,FALSE,"",1,2878184,"Quercus guyavifolia"
"419","quercus hartwissiana","Quercus hartwissiana",FALSE,1,838026,FALSE,"",1,2880048,"Quercus hartwissiana"
"420","quercus hemisphaerica","Quercus hemisphaerica",FALSE,1,432880,FALSE,"",3,2877348,"Quercus hemisphaerica"
"421","quercus hondae","Quercus hondae",FALSE,1,806240,FALSE,"",1,2878672,"Quercus hondae"
"422","quercus hypargyrea","Quercus hypargyrea",FALSE,1,7056078,FALSE,"",2,2879289,"Quercus hypargyrea"
"423","quercus ilex","Quercus ilex",FALSE,1,272692,FALSE,"",2,2879098,"Quercus ilex"
"424","quercus ilicifolia","Quercus ilicifolia",FALSE,1,528690,FALSE,"",3,2878190,"Quercus ilicifolia"
"425","quercus imbricaria","Quercus imbricaria",FALSE,1,1003203,FALSE,"",2,2881106,"Quercus imbricaria"
"426","quercus incana","Quercus incana",FALSE,1,833753,FALSE,"",2,2878060,"Quercus incana"
"427","quercus infectoria","Quercus infectoria",FALSE,1,426503,FALSE,"",1,2881010,"Quercus infectoria"
"428","quercus insignis","Quercus insignis",FALSE,1,826981,FALSE,"",1,2880526,"Quercus insignis"
"429","quercus ithaburensis","Quercus ithaburensis",FALSE,1,492252,FALSE,"",1,2878323,"Quercus ithaburensis"
"430","quercus kelloggii","Quercus kelloggii",FALSE,1,403375,FALSE,"",1,2878586,"Quercus kelloggii"
"431","quercus laeta","Quercus laeta",FALSE,1,403378,FALSE,"",1,2879073,"Quercus laeta"
"432","quercus laevis","Quercus laevis",FALSE,1,826983,FALSE,"",1,2878626,"Quercus laevis"
"433","quercus lamellosa","Quercus lamellosa",FALSE,1,826996,FALSE,"",1,2878270,"Quercus lamellosa"
"434","quercus laurifolia","Quercus laurifolia",FALSE,1,691464,FALSE,"",1,2877708,"Quercus laurifolia"
"435","quercus libani","Quercus libani",FALSE,1,715222,FALSE,"",1,2880837,"Quercus libani"
"436","quercus lobata","Quercus lobata",FALSE,1,106849,FALSE,"",1,2878373,"Quercus lobata"
"437","quercus longispica","Quercus longispica",FALSE,1,827000,FALSE,"",1,2881102,"Quercus longispica"
"438","quercus lusitanica","Quercus lusitanica",FALSE,1,288802,FALSE,"",1,2881060,"Quercus lusitanica"
"439","quercus lyrata","Quercus lyrata",FALSE,1,432818,FALSE,"",2,2878378,"Quercus lyrata"
"440","quercus macranthera","Quercus macranthera",FALSE,1,473138,FALSE,"",1,2878554,"Quercus macranthera"
"441","quercus macrocarpa","Quercus macrocarpa",FALSE,1,37377,FALSE,"",2,2878213,"Quercus macrocarpa"
"442","quercus margarettiae","Quercus margarettiae",FALSE,1,695018,FALSE,"",1,6045206,"Quercus margarettiae"
"443","quercus marilandica","Quercus marilandica",FALSE,1,137331,FALSE,"",1,2881630,"Quercus marilandica"
"444","quercus merrillii","Quercus merrillii",FALSE,1,252512,FALSE,"",1,2878228,"Quercus merrillii"
"445","quercus michauxii","Quercus michauxii",FALSE,1,117129,FALSE,"",1,2880340,"Quercus michauxii"
"446","quercus minima","Quercus minima",FALSE,1,117134,FALSE,"",1,2879040,"Quercus minima"
"447","quercus miyagii","Quercus miyagii",FALSE,1,239489,FALSE,"",1,2880493,"Quercus miyagii"
"448","quercus mongolica","Quercus mongolica",FALSE,1,429751,FALSE,"",1,2879685,"Quercus mongolica"
"449","quercus monimotricha","Quercus monimotricha",FALSE,1,252510,FALSE,"",1,2878395,"Quercus monimotricha"
"450","quercus montana","Quercus montana",FALSE,1,252507,FALSE,"",1,2881118,"Quercus montana"
"451","quercus myrsinifolia","Quercus myrsinifolia",FALSE,1,165073,FALSE,"",2,2878564,"Quercus myrsinifolia"
"452","quercus myrtifolia","Quercus myrtifolia",FALSE,1,691462,FALSE,"",1,2878545,"Quercus myrtifolia"
"453","quercus nigra","Quercus nigra",FALSE,1,691458,FALSE,"",2,2879328,"Quercus nigra"
"454","quercus oidocarpa","Quercus oidocarpa",FALSE,1,432820,FALSE,"",1,2878121,"Quercus oidocarpa"
"455","quercus oleoides","Quercus oleoides",FALSE,1,252505,FALSE,"",1,2878086,"Quercus oleoides"
"456","quercus palmeri","Quercus palmeri",FALSE,1,106852,FALSE,"",1,2880352,"Quercus palmeri"
"457","quercus palustris","Quercus palustris",FALSE,1,538292,FALSE,"",2,8313153,"Quercus palustris"
"458","quercus pannosa","Quercus pannosa",FALSE,1,403879,FALSE,"",2,2878483,"Quercus pannosa"
"459","quercus phillyraeoides","Quercus phillyraeoides",FALSE,1,106844,FALSE,"",1,7274465,"Quercus phillyraeoides"
"460","quercus pontica","Quercus pontica",FALSE,1,863372,FALSE,"",1,2881057,"Quercus pontica"
"461","quercus pubescens","Quercus pubescens",FALSE,1,426505,FALSE,"",2,2881283,"Quercus pubescens"
"462","quercus pumila","Quercus pumila",FALSE,1,691482,FALSE,"",3,2878192,"Quercus pumila"
"463","quercus pyrenaica","Quercus pyrenaica",FALSE,1,716878,FALSE,"",2,2878826,"Quercus pyrenaica"
"464","quercus rehderiana","Quercus rehderiana",FALSE,1,252516,FALSE,"",1,2880442,"Quercus rehderiana"
"465","quercus robur","Quercus robur",FALSE,1,239659,FALSE,"",1,2878688,"Quercus robur"
"466","quercus rotundifolia","Quercus rotundifolia",FALSE,1,979611,FALSE,"",1,2881550,"Quercus rotundifolia"
"467","quercus rubra","Quercus rubra",FALSE,1,791115,FALSE,"",1,2880539,"Quercus rubra"
"468","quercus rugosa","Quercus rugosa",FALSE,1,106847,FALSE,"",1,8386328,"Quercus rugosa"
"469","quercus salicina","Quercus salicina",FALSE,1,429778,FALSE,"",1,2879582,"Quercus salicina"
"470","quercus senescens","Quercus senescens",FALSE,1,252521,FALSE,"",1,2880336,"Quercus senescens"
"471","quercus serrata","Quercus serrata",FALSE,1,429766,FALSE,"",2,2879649,"Quercus serrata"
"472","quercus sessilifolia","Quercus sessilifolia",FALSE,1,429756,FALSE,"",1,2881614,"Quercus sessilifolia"
"473","quercus shumardii","Quercus shumardii",FALSE,1,691478,FALSE,"",1,2878289,"Quercus shumardii"
"474","quercus sinuata","Quercus sinuata",FALSE,1,1026068,FALSE,"",2,2879488,"Quercus sinuata"
"475","quercus spinosa","Quercus spinosa",FALSE,1,252519,FALSE,"",1,2879155,"Quercus spinosa"
"476","quercus stellata","Quercus stellata",FALSE,1,316112,FALSE,"",1,8879961,"Quercus stellata"
"477","quercus suber","Quercus suber",FALSE,1,272709,FALSE,"",1,2879411,"Quercus suber"
"478","quercus texana","Quercus texana",FALSE,1,7056149,FALSE,"",2,2878115,"Quercus texana"
"479","quercus tomentella","Quercus tomentella",FALSE,1,71501,FALSE,"",1,2878206,"Quercus tomentella"
"480","quercus trojana","Quercus trojana",FALSE,1,803636,FALSE,"",1,2879774,"Quercus trojana"
"481","quercus turbinella","Quercus turbinella",FALSE,1,925295,FALSE,"",1,2878247,"Quercus turbinella"
"482","quercus vacciniifolia","Quercus vacciniifolia",FALSE,1,106839,FALSE,"",1,2881649,"Quercus vacciniifolia"
"483","quercus valdinervosa","Quercus valdinervosa",FALSE,1,978509,FALSE,"",1,2880684,"Quercus valdinervosa"
"484","quercus variabilis","Quercus variabilis",FALSE,1,429764,FALSE,"",1,2879787,"Quercus variabilis"
"485","quercus velutina","Quercus velutina",FALSE,1,581813,FALSE,"",2,8086561,"Quercus velutina"
"486","quercus virginiana","Quercus virginiana",FALSE,1,272703,FALSE,"",1,2878092,"Quercus virginiana"
"487","quercus wislizeni","Quercus wislizeni",FALSE,1,470257,FALSE,"",1,2878384,"Quercus wislizeni"
"488","quercus x morisii","Quercus x morisii",FALSE,1,3930607,FALSE,"hybrid",1,2880445,"Quercus x morisii"
"489","rhoiptelea chiliantha","Rhoiptelea chiliantha",FALSE,1,71508,FALSE,"",1,3873573,"Rhoiptelea chiliantha"
"490","ticodendron incognitum","Ticodendron incognitum",FALSE,1,71491,FALSE,"",1,2876662,"Ticodendron incognitum"
"491","trigonobalanus","Trigonobalanus",FALSE,1,71489,FALSE,"",1,2876665,"Trigonobalanus"
"492","trisyngyne aequilateralis","Trisyngyne aequilateralis",FALSE,1,1023551,FALSE,"",1,2874977,"Trisyngyne aequilateralis"
"493","trisyngyne balansae","Trisyngyne balansae",FALSE,1,774729,FALSE,"",1,2874946,"Trisyngyne balansae"
"494","trisyngyne brassii","Trisyngyne brassii",FALSE,1,774721,FALSE,"",1,2874966,"Trisyngyne brassii"
"495","trisyngyne codonandra","Trisyngyne codonandra",FALSE,1,774718,FALSE,"",1,2874996,"Trisyngyne codonandra"
"496","trisyngyne discoidea","Trisyngyne discoidea",FALSE,1,862657,FALSE,"",1,2874944,"Trisyngyne discoidea"
"497","trisyngyne grandis","Trisyngyne grandis",FALSE,1,451191,FALSE,"",1,2874906,"Trisyngyne grandis"
"498","trisyngyne perryi","Trisyngyne perryi",FALSE,1,237413,FALSE,"",1,2874903,"Trisyngyne perryi"
"499","trisyngyne resinosa","Trisyngyne resinosa",FALSE,1,811957,FALSE,"",1,2874913,"Trisyngyne resinosa"
